id,"name","short_code","conversion_factor"
1,"Afghani","AFN","1"
2,"Lek","ALL","1"
3,"Algerian Dinar","DZD","1"
4,"US Dollar","USD","1"
5,"Euro","EUR","1"
6,"Kwanza","AOA","1"
7,"East Caribbean Dollar","XCD","1"
8,"No universal currency",NULL,"1"
9,"East Caribbean Dollar","XCD","1"
10,"Argentine Peso","ARS","1"
11,"Armenian Dram","AMD","1"
12,"Aruban Florin","AWG","1"
13,"Australian Dollar","AUD","1"
14,"Euro","EUR","1"
15,"Azerbaijanian Manat","AZN","1"
16,"Bahamian Dollar","BSD","1"
17,"Bahraini Dinar","BHD","1"
18,"Taka","BDT","1"
19,"Barbados Dollar","BBD","1"
20,"Belarussian Ruble","BYR","1"
21,"Euro","EUR","1"
22,"Belize Dollar","BZD","1"
23,"CFA Franc BCEAO","XOF","1"
24,"Bermudian Dollar","BMD","1"
25,"Ngultrum","BTN","1"
26,"Indian Rupee","INR","1"
27,"Convertible Mark","BAM","1"
28,"Pula","BWP","1"
29,"Brazilian Real","BRL","1"
30,"US Dollar","USD","1"
31,"Bulgarian Lev","BGN","1"
32,"CFA Franc BCEAO","XOF","1"
33,"Burundi Franc","BIF","1"
34,"Riel","KHR","1"
35,"CFA Franc BEAC","XAF","1"
36,"Canadian Dollar","CAD","1"
37,"Cape Verde Escudo","CVE","1"
38,"Cayman Islands Dollar","KYD","1"
39,"CFA Franc BEAC","XAF","1"
40,"CFA Franc BEAC","XAF","1"
41,"Unidades de fomento","CLF","1"
42,"Chilean Peso","CLP","1"
43,"Yuan Renminbi","CNY","1"
44,"Australian Dollar","AUD","1"
45,"Australian Dollar","AUD","1"
46,"Colombian Peso","COP","1"
47,"Unidad de Valor Real","COU","1"
48,"Comoro Franc","KMF","1"
49,"New Zealand Dollar","NZD","1"
50,"Costa Rican Colon","CRC","1"
51,"Croatian Kuna","HRK","1"
52,"Peso Convertible","CUC","1"
53,"Cuban Peso","CUP","1"
54,"Euro","EUR","1"
55,"Czech Koruna","CZK","1"
56,"Danish Krone","DKK","1"
57,"Djibouti Franc","DJF","1"
58,"East Caribbean Dollar","XCD","1"
59,"Dominican Peso","DOP","1"
60,"US Dollar","USD","1"
61,"Egyptian Pound","EGP","1"
62,"El Salvador Colon","SVC","1"
63,"US Dollar","USD","1"
64,"CFA Franc BEAC","XAF","1"
65,"Nakfa","ERN","1"
66,"Euro","EUR","1"
67,"Ethiopian Birr","ETB","1"
68,"Danish Krone","DKK","1"
69,"Fiji Dollar","FJD","1"
70,"Euro","EUR","1"
71,"Euro","EUR","1"
72,"Euro","EUR","1"
73,"CFP Franc","XPF","1"
74,"Euro","EUR","1"
75,"CFA Franc BEAC","XAF","1"
76,"Dalasi","GMD","1"
77,"Lari","GEL","1"
78,"Euro","EUR","1"
79,"Ghana Cedi","GHS","1"
80,"Gibraltar Pound","GIP","1"
81,"Euro","EUR","1"
82,"Danish Krone","DKK","1"
83,"East Caribbean Dollar","XCD","1"
84,"Euro","EUR","1"
85,"US Dollar","USD","1"
86,"Quetzal","GTQ","1"
87,"Pound Sterling","GBP","1"
88,"Guinea Franc","GNF","1"
89,"CFA Franc BCEAO","XOF","1"
90,"Guyana Dollar","GYD","1"
91,"Gourde","HTG","1"
92,"US Dollar","USD","1"
93,"Lempira","HNL","1"
94,"Hong Kong Dollar","HKD","1"
95,"Forint","HUF","1"
96,"Iceland Krona","ISK","1"
97,"Indian Rupee","INR","1"
98,"Rupiah","IDR","1"
99,"Iraqi Dinar","IQD","1"
100,"Euro","EUR","1"
101,"Pound Sterling","GBP","1"
102,"New Israeli Sheqel","ILS","1"
103,"Euro","EUR","1"
104,"Jamaican Dollar","JMD","1"
105,"Yen","JPY","1"
106,"Pound Sterling","GBP","1"
107,"Jordanian Dinar","JOD","1"
108,"Tenge","KZT","1"
109,"Kenyan Shilling","KES","1"
110,"Australian Dollar","AUD","1"
111,"Kuwaiti Dinar","KWD","1"
112,"Som","KGS","1"
113,"Latvian Lats","LVL","1"
114,"Lebanese Pound","LBP","1"
115,"Loti","LSL","1"
116,"Rand","ZAR","1"
117,"Liberian Dollar","LRD","1"
118,"Libyan Dinar","LYD","1"
119,"Swiss Franc","CHF","1"
120,"Lithuanian Litas","LTL","1"
121,"Euro","EUR","1"
122,"Malagasy Ariary","MGA","1"
123,"Kwacha","MWK","1"
124,"Malaysian Ringgit","MYR","1"
125,"Rufiyaa","MVR","1"
126,"CFA Franc BCEAO","XOF","1"
127,"Euro","EUR","1"
128,"US Dollar","USD","1"
129,"Euro","EUR","1"
130,"Ouguiya","MRO","1"
131,"Mauritius Rupee","MUR","1"
132,"Euro","EUR","1"
133,"Mexican Peso","MXN","1"
134,"Mexican Unidad de Inversion (UDI)","MXV","1"
135,"Euro","EUR","1"
136,"Tugrik","MNT","1"
137,"Euro","EUR","1"
138,"East Caribbean Dollar","XCD","1"
139,"Moroccan Dirham","MAD","1"
140,"Mozambique Metical","MZN","1"
141,"Namibia Dollar","NAD","1"
142,"Rand","ZAR","1"
143,"Australian Dollar","AUD","1"
144,"Nepalese Rupee","NPR","1"
145,"Euro","EUR","1"
146,"CFP Franc","XPF","1"
147,"New Zealand Dollar","NZD","1"
148,"Cordoba Oro","NIO","1"
149,"CFA Franc BCEAO","XOF","1"
150,"Naira","NGN","1"
151,"New Zealand Dollar","NZD","1"
152,"Australian Dollar","AUD","1"
153,"US Dollar","USD","1"
154,"Norwegian Krone","NOK","1"
155,"Rial Omani","OMR","1"
156,"Pakistan Rupee","PKR","1"
157,"US Dollar","USD","1"
158,"Balboa","PAB","1"
159,"US Dollar","USD","1"
160,"Kina","PGK","1"
161,"Guarani","PYG","1"
162,"Nuevo Sol","PEN","1"
163,"Philippine Peso","PHP","1"
164,"New Zealand Dollar","NZD","1"
165,"Zloty","PLN","1"
166,"Euro","EUR","1"
167,"US Dollar","USD","1"
168,"Qatari Rial","QAR","1"
169,"New Romanian Leu","RON","1"
170,"Rwanda Franc","RWF","1"
171,"East Caribbean Dollar","XCD","1"
172,"East Caribbean Dollar","XCD","1"
173,"Euro","EUR","1"
174,"East Caribbean Dollar","XCD","1"
175,"Tala","WST","1"
176,"Euro","EUR","1"
177,"Dobra","STD","1"
178,"Saudi Riyal","SAR","1"
179,"CFA Franc BCEAO","XOF","1"
180,"Serbian Dinar","RSD","1"
181,"Seychelles Rupee","SCR","1"
182,"Leone","SLL","1"
183,"Singapore Dollar","SGD","1"
184,"Euro","EUR","1"
185,"Euro","EUR","1"
186,"Solomon Islands Dollar","SBD","1"
187,"Somali Shilling","SOS","1"
188,"Rand","ZAR","1"
189,"No universal currency",NULL,"1"
190,"South Sudanese Pound","SSP","1"
191,"Euro","EUR","1"
192,"Sri Lanka Rupee","LKR","1"
193,"Sudanese Pound","SDG","1"
194,"Surinam Dollar","SRD","1"
195,"Lilangeni","SZL","1"
196,"Swedish Krona","SEK","1"
197,"WIR Euro","CHE","1"
198,"Swiss Franc","CHF","1"
199,"WIR Franc","CHW","1"
200,"Somoni","TJS","1"
201,"Baht","THB","1"
202,"US Dollar","USD","1"
203,"CFA Franc BCEAO","XOF","1"
204,"New Zealand Dollar","NZD","1"
205,"Pa‚Äôanga","TOP","1"
206,"Trinidad and Tobago Dollar","TTD","1"
207,"Tunisian Dinar","TND","1"
208,"Turkish Lira","TRY","1"
209,"Turkmenistan New Manat","TMT","1"
210,"US Dollar","USD","1"
211,"Australian Dollar","AUD","1"
212,"Uganda Shilling","UGX","1"
213,"Hryvnia","UAH","1"
214,"UAE Dirham","AED","1"
215,"Pound Sterling","GBP","1"
216,"US Dollar","USD","1"
217,"US Dollar (Next day)","USN","1"
218,"US Dollar (Same day)","USS","1"
219,"US Dollar","USD","1"
220,"Uruguay Peso en Unidades Indexadas (URUIURUI)","UYI","1"
221,"Peso Uruguayo","UYU","1"
222,"Uzbekistan Sum","UZS","1"
223,"Vatu","VUV","1"
224,"CFP Franc","XPF","1"
225,"Moroccan Dirham","MAD","1"
226,"Yemeni Rial","YER","1"
227,"Zambian Kwacha","ZMK","1"
228,"Zimbabwe Dollar","ZWL","1"
229,"Afghani","AFA","1"
230,"Old Lek","ALK","1"
231,"Andorran Peseta","ADP","1"
232,"Spanish Peseta","ESP","1"
233,"French Franc","FRF","1"
234,"Kwanza","AOK","1"
235,"New Kwanza","AON","1"
236,"Kwanza Reajustado","AOR","1"
237,"Austral","ARA","1"
238,"Peso Argentino","ARP","1"
239,"Peso","ARY","1"
240,"Russian Ruble","RUR","1"
241,"Schilling","ATS","1"
242,"Azerbaijan Manat","AYM","1"
243,"Azerbaijanian Manat","AZM","1"
244,"Russian Ruble","RUR","1"
245,"Belarussian Ruble","BYB","1"
246,"Russian Ruble","RUR","1"
247,"Convertible Franc","BEC","1"
248,"Belgian Franc ","BEF","1"
249,"Financial Franc","BEL","1"
250,"Peso boliviano","BOP","1"
251,"Dinar","BAD","1"
252,"Cruzeiro","BRB","1"
253,"Cruzado","BRC","1"
254,"Cruzeiro","BRE","1"
255,"New Cruzado","BRN","1"
256,"Cruzeiro Real","BRR","1"
257,"Lev A/52","BGJ","1"
258,"Lev A/62","BGK","1"
259,"Lev","BGL","1"
260,"Peoples Bank Dollar","CNX","1"
261,"Croatian Dinar","HRD","1"
262,"Cyprus Pound","CYP","1"
263,"Sucre","ECS","1"
264,"Unidad de Valor Constante (UVC)","ECV","1"
265,"Ekwele","EQE","1"
266,"Ekwele","GQE","1"
267,"Kroon","EEK ","1"
268,"Markka","FIM","1"
269,"French Franc","FRF","1"
270,"French Franc","FRF","1"
271,"Georgian Coupon","GEK","1"
272,"Russian Ruble","RUR","1"
273,"Deutsche Mark","DEM","1"
274,"Cedi","GHC","1"
275,"Ghana Cedi ","GHP","1"
276,"Drachma","GRD","1"
277,"French Franc","FRF","1"
278,"Syli","GNE","1"
279,"Syli","GNS","1"
280,"Guinea Escudo","GWE","1"
281,"Guinea-Bissau Peso","GWP","1"
282,"Old Krona","ISJ","1"
283,"Irish Pound","IEP","1"
284,"Pound","ILP","1"
285,"Old Shekel","ILR","1"
286,"Italian Lira","ITL","1"
287,"Russian Ruble","RUR","1"
288,"Russian Ruble","RUR","1"
289,"Latvian Ruble","LVR","1"
290,"Maloti","LSM","1"
291,"Financial Rand","ZAL","1"
292,"Talonas","LTT","1"
293,"Luxembourg Convertible Franc","LUC","1"
294,"Luxembourg Franc","LUF","1"
295,"Luxembourg Financial Franc","LUL","1"
296,"Malagasy Franc","MGF","1"
297,"Maldive Rupee","MVQ","1"
298,"Mali Franc","MAF","1"
299,"Mali Franc","MLF","1"
300,"Maltese Lira","MTL","1"
301,"Maltese Pound","MTP","1"
302,"French Franc","FRF","1"
303,"French Franc","FRF","1"
304,"Mexican Peso","MXP","1"
305,"French Franc","FRF","1"
306,"Mozambique Escudo","MZE","1"
307,"Mozambique Metical","MZM","1"
308,"Netherlands Guilder","NLG","1"
309,"Netherlands Antillean Guilder ","ANG","1"
310,"Cordoba","NIC","1"
311,"Sol","PEH","1"
312,"Inti","PEI","1"
313,"Sol","PES","1"
314,"Zloty","PLZ","1"
315,"Portuguese Escudo","PTE","1"
316,"Leu A/52","ROK","1"
317,"Old Leu","ROL","1"
318,"French Franc","FRF","1"
319,"French Franc","FRF","1"
320,"Italian Lira","ITL","1"
321,"Slovak Koruna","SKK","1"
322,"Tolar","SIT","1"
323,"Financial Rand","ZAL","1"
324,"Spanish Peseta","ESA","1"
325,"\"\"\"A\"\" Account (convertible Peseta Account)\"","ESB","1"
326,"Spanish Peseta","ESP","1"
327,"Sudanese Dinar","SDD","1"
328,"Sudanese Pound","SDP","1"
329,"Surinam Guilder","SRG","1"
330,"WIR Franc (for electronic)","CHC","1"
331,"Russian Ruble","RUR","1"
332,"Tajik Ruble","TJR","1"
333,"Rupiah","IDR","1"
334,"Timor Escudo","TPE","1"
335,"Old Turkish Lira","TRL","1"
336,"New Turkish Lira","TRY","1"
337,"Russian Ruble","RUR","1"
338,"Turkmenistan Manat","TMM","1"
339,"Uganda Shilling","UGS","1"
340,"Old Shilling","UGW","1"
341,"Karbovanet","UAK","1"
342,"Old Uruguay Peso","UYN","1"
343,"Uruguayan Peso","UYP","1"
344,"Russian Ruble","RUR","1"
345,"Bolivar","VEB","1"
346,"Old Dong","VNC","1"
347,"Rhodesian Dollar","ZWC","1"
348,"Zimbabwe Dollar (old)","ZWD","1"
349,"Zimbabwe Dollar","ZWD","1"
350,"Zimbabwe Dollar (new)","ZWN","1"
351,"Zimbabwe Dollar","ZWR","1"
